{
    "BA- cellulitis": {
        "precision": 0.0,
        "recall": 0.0,
        "f1-score": 0.0,
        "support": 33.0
    },
    "BA-impetigo": {
        "precision": 0.0,
        "recall": 0.0,
        "f1-score": 0.0,
        "support": 20.0
    },
    "FU-athlete-foot": {
        "precision": 0.0,
        "recall": 0.0,
        "f1-score": 0.0,
        "support": 32.0
    },
    "FU-nail-fungus": {
        "precision": 0.0,
        "recall": 0.0,
        "f1-score": 0.0,
        "support": 33.0
    },
    "FU-ringworm": {
        "precision": 0.0,
        "recall": 0.0,
        "f1-score": 0.0,
        "support": 23.0
    },
    "PA-cutaneous-larva-migrans": {
        "precision": 0.0,
        "recall": 0.0,
        "f1-score": 0.0,
        "support": 25.0
    },
    "VI-chickenpox": {
        "precision": 0.1459227467811159,
        "recall": 1.0,
        "f1-score": 0.2546816479400749,
        "support": 34.0
    },
    "VI-shingles": {
        "precision": 0.0,
        "recall": 0.0,
        "f1-score": 0.0,
        "support": 33.0
    },
    "accuracy": 0.1459227467811159,
    "macro avg": {
        "precision": 0.018240343347639486,
        "recall": 0.125,
        "f1-score": 0.031835205992509365,
        "support": 233.0
    },
    "weighted avg": {
        "precision": 0.021293448028145666,
        "recall": 0.1459227467811159,
        "f1-score": 0.037163845622156855,
        "support": 233.0
    }
}