{
    "BA- cellulitis": {
        "precision": 0.5,
        "recall": 0.030303030303030304,
        "f1-score": 0.05714285714285714,
        "support": 33.0
    },
    "BA-impetigo": {
        "precision": 0.3684210526315789,
        "recall": 0.35,
        "f1-score": 0.358974358974359,
        "support": 20.0
    },
    "FU-athlete-foot": {
        "precision": 0.425531914893617,
        "recall": 0.625,
        "f1-score": 0.5063291139240507,
        "support": 32.0
    },
    "FU-nail-fungus": {
        "precision": 0.35294117647058826,
        "recall": 0.36363636363636365,
        "f1-score": 0.3582089552238806,
        "support": 33.0
    },
    "FU-ringworm": {
        "precision": 0.24691358024691357,
        "recall": 0.8695652173913043,
        "f1-score": 0.38461538461538464,
        "support": 23.0
    },
    "PA-cutaneous-larva-migrans": {
        "precision": 0.3333333333333333,
        "recall": 0.04,
        "f1-score": 0.07142857142857142,
        "support": 25.0
    },
    "VI-chickenpox": {
        "precision": 0.5106382978723404,
        "recall": 0.7058823529411765,
        "f1-score": 0.5925925925925926,
        "support": 34.0
    },
    "VI-shingles": {
        "precision": 0.0,
        "recall": 0.0,
        "f1-score": 0.0,
        "support": 33.0
    },
    "accuracy": 0.3648068669527897,
    "macro avg": {
        "precision": 0.3422224194310464,
        "recall": 0.3730483705339843,
        "f1-score": 0.291161479237712,
        "support": 233.0
    },
    "weighted avg": {
        "precision": 0.345521669353771,
        "recall": 0.3648068669527897,
        "f1-score": 0.29128173782478717,
        "support": 233.0
    }
}